[
    {
        "name": "phpmailer/phpmailer",
        "version": "v5.2.25",
        "version_normalized": "5.2.25.0",
        "source": {
            "type": "git",
            "url": "https://github.com/PHPMailer/PHPMailer.git",
            "reference": "2baf20b01690fba8cf720c1ebcf9b988eda50915"
        },
        "dist": {
            "type": "zip",
            "url": "https://api.github.com/repos/PHPMailer/PHPMailer/zipball/2baf20b01690fba8cf720c1ebcf9b988eda50915",
            "reference": "2baf20b01690fba8cf720c1ebcf9b988eda50915",
            "shasum": ""
        },
        "require": {
            "ext-ctype": "*",
            "php": ">=5.0.0"
        },
        "require-dev": {
            "doctrine/annotations": "1.2.*",
            "jms/serializer": "0.16.*",
            "phpdocumentor/phpdocumentor": "2.*",
            "phpunit/phpunit": "4.8.*",
            "symfony/debug": "2.8.*",
            "symfony/filesystem": "2.8.*",
            "symfony/translation": "2.8.*",
            "symfony/yaml": "2.8.*",
            "zendframework/zend-cache": "2.5.1",
            "zendframework/zend-config": "2.5.1",
            "zendframework/zend-eventmanager": "2.5.1",
            "zendframework/zend-filter": "2.5.1",
            "zendframework/zend-i18n": "2.5.1",
            "zendframework/zend-json": "2.5.1",
            "zendframework/zend-math": "2.5.1",
            "zendframework/zend-serializer": "2.5.*",
            "zendframework/zend-servicemanager": "2.5.*",
            "zendframework/zend-stdlib": "2.5.1"
        },
        "suggest": {
            "league/oauth2-google": "Needed for Google XOAUTH2 authentication"
        },
        "time": "2017-08-28T11:12:07+00:00",
        "type": "library",
        "installation-source": "dist",
        "autoload": {
            "classmap": [
                "class.phpmailer.php",
                "class.phpmaileroauth.php",
                "class.phpmaileroauthgoogle.php",
                "class.smtp.php",
                "class.pop3.php",
                "extras/EasyPeasyICS.php",
                "extras/ntlm_sasl_client.php"
            ]
        },
        "notification-url": "https://packagist.org/downloads/",
        "license": [
            "LGPL-2.1"
        ],
        "authors": [
            {
                "name": "Jim Jagielski",
                "email": "jimjag@gmail.com"
            },
            {
                "name": "Marcus Bointon",
                "email": "phpmailer@synchromedia.co.uk"
            },
            {
                "name": "Andy Prevost",
                "email": "codeworxtech@users.sourceforge.net"
            },
            {
                "name": "Brent R. Matzelle"
            }
        ],
        "description": "PHPMailer is a full-featured email creation and transfer class for PHP"
    }
]
